{"chunk_definitions":[{"chunk_id":"csetup_chunk","chunk_label":"setup","document_id":"B33316B0","expansion_state":0,"options":{"engine":"r","include":false,"label":"setup"},"row":47,"row_count":1,"visible":true},{"chunk_id":"cklane1y1w6bc","chunk_label":"leukemia_data","document_id":"B33316B0","expansion_state":0,"options":{"engine":"r","label":"leukemia_data"},"row":91,"row_count":1,"visible":true},{"chunk_id":"caz40i805konl","chunk_label":"logLikeSurvival","document_id":"B33316B0","expansion_state":0,"options":{"engine":"r","label":"logLikeSurvival"},"row":159,"row_count":1,"visible":true},{"chunk_id":"c5g3y4nm5wdof","chunk_label":"verify","document_id":"B33316B0","expansion_state":0,"options":{"engine":"r","label":"verify"},"row":200,"row_count":1,"visible":true},{"chunk_id":"cp5e2j0i3plrh","chunk_label":"newtonR","document_id":"B33316B0","expansion_state":0,"options":{"engine":"r","label":"newtonR"},"row":226,"row_count":1,"visible":true},{"chunk_id":"c9dtmauouv9sa","chunk_label":"ans","document_id":"B33316B0","expansion_state":0,"options":{"engine":"r","label":"ans"},"row":237,"row_count":1,"visible":true}],"doc_write_time":1569555733}