{"chunk_definitions":[{"chunk_id":"csetup_chunk","chunk_label":"setup","document_id":"B33316B0","expansion_state":0,"options":{"engine":"r","include":false,"label":"setup"},"row":47,"row_count":1,"visible":true},{"chunk_id":"cpmz2hy6uk7c2","chunk_label":"verify","document_id":"B33316B0","expansion_state":0,"options":{"engine":"r","label":"verify"},"row":135,"row_count":1,"visible":true},{"chunk_id":"cg586vab90w93","chunk_label":"newtonR","document_id":"B33316B0","expansion_state":0,"options":{"engine":"r","label":"newtonR"},"row":161,"row_count":1,"visible":true}],"default_chunk_options":{"echo":true,"fig.align":"center","fig.height":4.000000000000000,"fig.width":5.000000000000000,"tidy":true,"tidy.opts":{"width.cutoff":50.00000000000000}},"doc_write_time":1569449822,"working_dir":null}