{"chunk_definitions":[{"chunk_id":"csetup_chunk","chunk_label":"setup","document_id":"B33316B0","expansion_state":0,"options":{"engine":"r","include":false,"label":"setup"},"row":47,"row_count":1,"visible":true},{"chunk_id":"cj8dx58d4rirh","chunk_label":"leukemia_data","document_id":"B33316B0","expansion_state":0,"options":{"engine":"r","label":"leukemia_data"},"row":91,"row_count":1,"visible":true},{"chunk_id":"cnqgz0vpfa3d1","chunk_label":"logLikeSurvival","document_id":"B33316B0","expansion_state":0,"options":{"engine":"r","label":"logLikeSurvival"},"row":159,"row_count":1,"visible":true},{"chunk_id":"c5g3y4nm5wdof","chunk_label":"verify","document_id":"B33316B0","expansion_state":0,"options":{"engine":"r","label":"verify"},"row":200,"row_count":1,"visible":true},{"chunk_id":"caiimcpkftqgk","chunk_label":"newtonR","document_id":"B33316B0","expansion_state":0,"options":{"engine":"r","label":"newtonR"},"row":226,"row_count":1,"visible":true},{"chunk_id":"cx6gnchnpvno6","chunk_label":"ans","document_id":"B33316B0","expansion_state":0,"options":{"engine":"r","label":"ans"},"row":237,"row_count":1,"visible":true},{"chunk_id":"cexacew5bvh0a","chunk_label":"unnamed-chunk-1","document_id":"B33316B0","expansion_state":0,"options":{"beta1":0,"engine":"r","include":false,"label":"unnamed-chunk-2"},"row":246,"row_count":1,"visible":true}],"default_chunk_options":{"echo":true,"fig.align":"center","fig.height":4.000000000000000,"fig.width":5.000000000000000,"tidy":true,"tidy.opts":{"width.cutoff":50.00000000000000}},"doc_write_time":1569873779,"working_dir":null}